config,id_pregunta,rep,sql_valida,componentes_ok,latencia_ms,sql,error
baseline,1,1,1,0,5310,"SELECT COUNT(*)  FROM VistaEquipo  WHERE IdEstadoAsignacion = 2 AND NombreModelo LIKE '%laptop%'",""
baseline,1,2,1,0,4152,"SELECT COUNT(*) AS CantidadLaptopsAsignadas FROM VistaEquipo WHERE IdEstadoAsignacion = 2 AND NombreModelo LIKE '%laptop%'",""
baseline,1,3,1,0,3406,"SELECT COUNT(*) FROM VistaEquipo WHERE IdEstadoAsignacion = 2 AND NombreModelo LIKE '%laptop%'",""
baseline,2,1,1,1,2650,"SELECT COUNT(*) FROM VistaEquipo WHERE IdEstadoAsignacion = 5",""
baseline,2,2,1,1,2488,"SELECT COUNT(*) FROM VistaEquipo WHERE IdEstadoAsignacion = 5",""
baseline,2,3,1,1,2431,"SELECT COUNT(*) FROM VistaEquipo WHERE IdEstadoAsignacion = 5",""
baseline,3,1,1,1,3052,"SELECT COUNT(*)  FROM VistaEquipo  WHERE IdEstadoAsignacion = 8",""
baseline,3,2,1,1,2520,"SELECT COUNT(*) FROM VistaEquipo WHERE IdEstadoAsignacion = 8",""
baseline,3,3,1,1,2508,"SELECT COUNT(*) FROM VistaEquipo WHERE IdEstadoAsignacion = 8",""
baseline,4,1,1,1,2611,"SELECT COUNT(*) FROM VistaEquipo WHERE IdEstadoAsignacion = 9",""
baseline,4,2,1,1,2491,"SELECT COUNT(*) FROM VistaEquipo WHERE IdEstadoAsignacion = 9",""
baseline,4,3,1,1,2418,"SELECT COUNT(*) FROM VistaEquipo WHERE IdEstadoAsignacion = 9",""
baseline,5,1,1,0,2783,"SELECT COUNT(*) FROM VistaEquipo WHERE IdEstadoAsignacion = 10",""
baseline,5,2,1,0,2584,"SELECT COUNT(*) FROM VistaEquipo WHERE IdEstadoAsignacion = 10",""
baseline,5,3,1,0,2584,"SELECT COUNT(*) FROM VistaEquipo WHERE IdEstadoAsignacion = 10",""
baseline,6,1,1,1,2828,"SELECT COUNT(*) FROM VistaEquipo WHERE IdEstadoAsignacion = 10",""
baseline,6,2,1,1,2716,"SELECT COUNT(*) FROM VistaEquipo WHERE IdEstadoAsignacion = 10",""
baseline,6,3,1,1,2498,"SELECT COUNT(*) FROM VistaEquipo WHERE IdEstadoAsignacion = 10",""
baseline,7,1,1,1,2821,"SELECT COUNT(*)  FROM VistaEquipo  WHERE IdEstadoAsignacion = 1",""
baseline,7,2,1,1,2380,"SELECT COUNT(*) FROM VistaEquipo WHERE IdEstadoAsignacion = 1",""
baseline,7,3,1,1,2684,"SELECT COUNT(*) FROM VistaEquipo WHERE IdEstadoAsignacion = 1",""
baseline,8,1,1,0,3330,"SELECT COUNT(*) AS TotalMonitores FROM VistaEquipo WHERE NombreModelo LIKE '%monitor%'",""
baseline,8,2,1,0,3101,"SELECT COUNT(*) AS TotalMonitores FROM VistaEquipo WHERE NombreModelo LIKE '%monitor%'",""
baseline,8,3,1,0,3107,"SELECT COUNT(*) AS TotalMonitores FROM VistaEquipo WHERE NombreModelo LIKE '%monitor%'",""
baseline,9,1,1,0,2784,"SELECT COUNT(*)  FROM VistaEquipo  WHERE IdEstadoAsignacion = 2",""
baseline,9,2,1,0,3654,"SELECT COUNT(*)  FROM VistaEquipo  WHERE IdEstadoAsignacion = 2 AND NombreModelo LIKE '%celular%'",""
baseline,9,3,1,0,3400,"SELECT COUNT(*) FROM VistaEquipo WHERE IdEstadoAsignacion = 2 AND NombreModelo LIKE '%celular%'",""
baseline,10,1,1,0,3480,"SELECT COUNT(*)  FROM VistaEquipo  WHERE IdEstadoAsignacion = 1 AND NombreModelo = 'Mouse'",""
baseline,10,2,1,0,3398,"SELECT COUNT(*)  FROM VistaEquipo  WHERE IdEstadoAsignacion = 1 AND NombreModelo = 'Mouse'",""
baseline,10,3,1,0,3565,"SELECT COUNT(*)  FROM VistaEquipo  WHERE IdEstadoAsignacion = 1 AND NombreModelo = 'Mouse'",""
baseline,11,1,1,1,2579,"SELECT COUNT(*)  FROM VistaEquipo  WHERE NombreMarca = 'HP'",""
baseline,11,2,1,1,2311,"SELECT COUNT(*)  FROM VistaEquipo  WHERE NombreMarca = 'HP'",""
baseline,11,3,1,1,2266,"SELECT COUNT(*)  FROM VistaEquipo  WHERE NombreMarca = 'HP'",""
baseline,12,1,1,1,2539,"SELECT COUNT(*)  FROM VistaEquipo  WHERE NombreMarca = 'Microsoft'",""
baseline,12,2,1,1,2272,"SELECT COUNT(*)  FROM VistaEquipo  WHERE NombreMarca = 'Microsoft'",""
baseline,12,3,1,1,2326,"SELECT COUNT(*)  FROM VistaEquipo  WHERE NombreMarca = 'Microsoft'",""
baseline,13,1,0,0,2527,"SELECT SUM(ValorCompra) AS ValorTotalCompra FROM Equipo",""
baseline,13,2,1,1,2318,"SELECT SUM(ValorCompra) AS ValorTotalCompra FROM VistaEquipo",""
baseline,13,3,1,1,2318,"SELECT SUM(ValorCompra) AS ValorTotalCompra FROM VistaEquipo",""
baseline,14,1,1,0,3735,"SELECT SUM(ValorCompra) AS ValorTotalLaptops FROM VistaEquipo WHERE NombreModelo LIKE '%laptop%'",""
baseline,14,2,1,0,3434,"SELECT SUM(ValorCompra) AS ValorTotalLaptops FROM VistaEquipo WHERE NombreModelo LIKE '%laptop%'",""
baseline,14,3,1,0,3579,"SELECT SUM(ValorCompra) AS ValorTotalLaptops FROM VistaEquipo WHERE NombreModelo LIKE '%laptop%'",""
baseline,15,1,1,0,9950,"SELECT IdEquipo, Serie, ValorCompra, FechaCompra, NumeroFactura, Qr, NombreMarca, NombreModelo, IdEstadoAsignacion, NombreCategoria, Descripcion, usuario_custodio_activo, FechaAsignacion, FechaDevolucion, IdUbicacion, IdEstadoAsignacionHistorial FROM VistaEquipo ORDER BY ValorCompra DESC LIMIT 1",""
baseline,15,2,1,0,9923,"SELECT IdEquipo, Serie, ValorCompra, FechaCompra, NumeroFactura, Qr, NombreMarca, NombreModelo, IdEstadoAsignacion, NombreCategoria, Descripcion, usuario_custodio_activo, FechaAsignacion, FechaDevolucion, IdUbicacion, IdEstadoAsignacionHistorial FROM VistaEquipo ORDER BY ValorCompra DESC LIMIT 1",""
baseline,15,3,1,0,9799,"SELECT IdEquipo, Serie, ValorCompra, FechaCompra, NumeroFactura, Qr, NombreMarca, NombreModelo, IdEstadoAsignacion, NombreCategoria, Descripcion, usuario_custodio_activo, FechaAsignacion, FechaDevolucion, IdUbicacion, IdEstadoAsignacionHistorial FROM VistaEquipo ORDER BY ValorCompra DESC LIMIT 1",""
baseline,16,1,1,1,2642,"SELECT TOP 10 * FROM VistaEquipo ORDER BY ValorCompra DESC",""
baseline,16,2,1,1,2304,"SELECT TOP 10 * FROM VistaEquipo ORDER BY ValorCompra DESC",""
baseline,16,3,1,1,2298,"SELECT TOP 10 * FROM VistaEquipo ORDER BY ValorCompra DESC",""
baseline,17,1,1,1,2449,"SELECT COUNT(*) FROM VistaEquipo WHERE NumeroFactura IS NULL",""
baseline,17,2,1,1,2053,"SELECT COUNT(*) FROM VistaEquipo WHERE NumeroFactura IS NULL",""
baseline,17,3,1,1,2174,"SELECT COUNT(*) FROM VistaEquipo WHERE NumeroFactura IS NULL",""
baseline,18,1,1,1,3312,"SELECT COUNT(*)  FROM VistaEquipo  WHERE YEAR(FechaCompra) = 2025",""
baseline,18,2,1,1,3023,"SELECT COUNT(*)  FROM VistaEquipo  WHERE YEAR(FechaCompra) = 2025",""
baseline,18,3,1,1,2921,"SELECT COUNT(*)  FROM VistaEquipo  WHERE YEAR(FechaCompra) = 2025",""
baseline,19,1,1,1,3087,"SELECT COUNT(*)  FROM VistaEquipo  WHERE YEAR(FechaCompra) = 2023",""
baseline,19,2,1,1,3012,"SELECT COUNT(*)  FROM VistaEquipo  WHERE YEAR(FechaCompra) = 2023",""
baseline,19,3,1,1,3038,"SELECT COUNT(*)  FROM VistaEquipo  WHERE YEAR(FechaCompra) = 2023",""
baseline,20,1,1,0,3685,"SELECT COUNT(*) FROM VistaEquipo WHERE IdEstadoAsignacion = 5 AND NombreModelo LIKE '%laptop%'",""
baseline,20,2,1,0,3628,"SELECT COUNT(*)  FROM VistaEquipo  WHERE IdEstadoAsignacion = 5 AND NombreModelo LIKE '%laptop%'",""
baseline,20,3,1,0,3816,"SELECT COUNT(*)  FROM VistaEquipo  WHERE IdEstadoAsignacion = 5 AND NombreModelo LIKE '%laptop%'",""
baseline,21,1,1,0,2870,"SELECT COUNT(*)  FROM VistaEquipo  WHERE IdEstadoAsignacion = 9",""
baseline,21,2,1,0,2630,"SELECT COUNT(*)  FROM VistaEquipo  WHERE IdEstadoAsignacion = 9",""
baseline,21,3,1,0,2437,"SELECT COUNT(*) FROM VistaEquipo WHERE IdEstadoAsignacion = 9",""
baseline,22,1,1,0,2537,"SELECT COUNT(*) FROM VistaEquipo WHERE IdEstadoAsignacion = 1",""
baseline,22,2,1,0,3527,"SELECT COUNT(*) AS CantidadLaptopsDisponibles FROM VistaEquipo WHERE IdEstadoAsignacion = 1",""
baseline,22,3,1,0,3696,"SELECT COUNT(*)  FROM VistaEquipo  WHERE IdEstadoAsignacion = 1 AND NombreModelo LIKE '%laptop%'",""
baseline,23,1,1,0,3780,"SELECT COUNT(*)  FROM VistaEquipo  WHERE IdEstadoAsignacion = 2 AND NombreModelo LIKE '%monitor%'",""
baseline,23,2,1,0,3369,"SELECT COUNT(*)  FROM VistaEquipo  WHERE IdEstadoAsignacion = 2 AND NombreModelo = 'Monitor'",""
baseline,23,3,1,0,3217,"SELECT COUNT(*) FROM VistaEquipo WHERE IdEstadoAsignacion = 2 AND NombreModelo LIKE '%monitor%'",""
baseline,24,1,1,1,5349,"SELECT * FROM VistaEquipo WHERE usuario_custodio_activo = 'eliza.suasti@synergy-apx.com' AND IdEstadoAsignacion = 2",""
baseline,24,2,1,1,5086,"SELECT *  FROM VistaEquipo  WHERE usuario_custodio_activo = 'eliza.suasti@synergy-apx.com' AND IdEstadoAsignacion = 2",""
baseline,24,3,1,1,4872,"SELECT *  FROM VistaEquipo  WHERE usuario_custodio_activo = 'eliza.suasti@synergy-apx.com' AND IdEstadoAsignacion = 2",""
baseline,25,1,1,1,5343,"SELECT COUNT(*)  FROM VistaEquipo  WHERE usuario_custodio_activo = 'jessica.guaman@synergy-apx.com' AND IdEstadoAsignacion = 2",""
baseline,25,2,1,1,5044,"SELECT COUNT(*)  FROM VistaEquipo  WHERE usuario_custodio_activo = 'jessica.guaman@synergy-apx.com' AND IdEstadoAsignacion = 2",""
baseline,25,3,1,1,5094,"SELECT COUNT(*)  FROM VistaEquipo  WHERE usuario_custodio_activo = 'jessica.guaman@synergy-apx.com' AND IdEstadoAsignacion = 2",""
baseline,26,1,1,1,3127,"SELECT NombreCategoria, COUNT(*) AS CantidadEquipos FROM VistaEquipo GROUP BY NombreCategoria",""
baseline,26,2,1,1,2970,"SELECT NombreCategoria, COUNT(*) AS CantidadEquipos FROM VistaEquipo GROUP BY NombreCategoria",""
baseline,26,3,1,1,2987,"SELECT NombreCategoria, COUNT(*) AS CantidadEquipos FROM VistaEquipo GROUP BY NombreCategoria",""
baseline,27,1,1,1,3685,"SELECT IdEstadoAsignacion, COUNT(*) AS CantidadEquipos FROM VistaEquipo GROUP BY IdEstadoAsignacion",""
baseline,27,2,1,1,3600,"SELECT IdEstadoAsignacion, COUNT(*) AS CantidadEquipos FROM VistaEquipo GROUP BY IdEstadoAsignacion",""
baseline,27,3,1,1,3721,"SELECT IdEstadoAsignacion, COUNT(*) AS CantidadEquipos FROM VistaEquipo GROUP BY IdEstadoAsignacion",""
baseline,28,1,1,0,4352,"SELECT NombreMarca, COUNT(*) AS CantidadEquipos FROM VistaEquipo GROUP BY NombreMarca ORDER BY CantidadEquipos DESC LIMIT 1",""
baseline,28,2,1,0,3738,"SELECT NombreMarca, COUNT(*) AS CantidadEquipos FROM VistaEquipo GROUP BY NombreMarca ORDER BY CantidadEquipos DESC",""
baseline,28,3,1,0,4294,"SELECT NombreMarca, COUNT(*) AS CantidadEquipos FROM VistaEquipo GROUP BY NombreMarca ORDER BY CantidadEquipos DESC LIMIT 1",""
baseline,29,1,1,0,3514,"SELECT COUNT(*) AS TotalTeclados FROM VistaEquipo WHERE NombreModelo = 'Teclado'",""
baseline,29,2,1,0,3045,"SELECT COUNT(*) AS TotalTeclados FROM VistaEquipo WHERE NombreModelo = 'Teclado'",""
baseline,29,3,1,0,3136,"SELECT COUNT(*) AS TotalTeclados FROM VistaEquipo WHERE NombreModelo = 'Teclado'",""
baseline,30,1,1,1,4664,"SELECT COUNT(*)  FROM VistaEquipo  WHERE IdEstadoAsignacion = 2 AND YEAR(FechaAsignacion) = 2026",""
baseline,30,2,1,1,4210,"SELECT COUNT(*)  FROM VistaEquipo  WHERE IdEstadoAsignacion = 2 AND YEAR(FechaAsignacion) = 2026",""
baseline,30,3,1,1,4368,"SELECT COUNT(*)  FROM VistaEquipo  WHERE IdEstadoAsignacion = 2    AND YEAR(FechaAsignacion) = 2026",""
prompt_enriquecido,1,1,1,1,4206,"SELECT COUNT(*) AS total FROM VistaEquipo WHERE IdEstadoAsignacion = 2 AND (NombreCategoria LIKE '%LAPTOP%' OR Descripcion LIKE '%LAPTOP%')",""
prompt_enriquecido,1,2,1,1,5472,"SELECT COUNT(*) AS total FROM VistaEquipo WHERE IdEstadoAsignacion = 2 AND (NombreCategoria LIKE '%LAPTOP%' OR Descripcion LIKE '%LAPTOP%')",""
prompt_enriquecido,1,3,1,1,4588,"SELECT COUNT(*) AS total FROM VistaEquipo WHERE IdEstadoAsignacion = 2 AND (NombreCategoria LIKE '%LAPTOP%' OR Descripcion LIKE '%LAPTOP%')",""
prompt_enriquecido,2,1,1,1,2612,"SELECT COUNT(*) AS total FROM VistaEquipo WHERE IdEstadoAsignacion = 5",""
prompt_enriquecido,2,2,1,1,2174,"SELECT COUNT(*) AS total FROM VistaEquipo WHERE IdEstadoAsignacion = 5",""
prompt_enriquecido,2,3,1,1,2213,"SELECT COUNT(*) AS total FROM VistaEquipo WHERE IdEstadoAsignacion = 5",""
prompt_enriquecido,3,1,1,1,2481,"SELECT COUNT(*) AS total FROM VistaEquipo WHERE IdEstadoAsignacion = 8",""
prompt_enriquecido,3,2,1,1,2743,"SELECT COUNT(*) AS total FROM VistaEquipo WHERE IdEstadoAsignacion = 8",""
prompt_enriquecido,3,3,1,1,2153,"SELECT COUNT(*) AS total FROM VistaEquipo WHERE IdEstadoAsignacion = 8",""
prompt_enriquecido,4,1,1,1,2391,"SELECT COUNT(*) AS total FROM VistaEquipo WHERE IdEstadoAsignacion = 9",""
prompt_enriquecido,4,2,1,1,2131,"SELECT COUNT(*) AS total FROM VistaEquipo WHERE IdEstadoAsignacion = 9",""
prompt_enriquecido,4,3,1,1,2793,"SELECT COUNT(*) AS total FROM VistaEquipo WHERE IdEstadoAsignacion = 9",""
prompt_enriquecido,5,1,1,1,2963,"SELECT COUNT(*) AS total FROM VistaEquipo WHERE IdEstadoAsignacion = 11",""
prompt_enriquecido,5,2,1,1,3001,"SELECT COUNT(*) AS total FROM VistaEquipo WHERE IdEstadoAsignacion = 11",""
prompt_enriquecido,5,3,1,1,2778,"SELECT COUNT(*) AS total FROM VistaEquipo WHERE IdEstadoAsignacion = 11",""
prompt_enriquecido,6,1,1,1,2586,"SELECT COUNT(*) AS total FROM VistaEquipo WHERE IdEstadoAsignacion = 10",""
prompt_enriquecido,6,2,1,1,2216,"SELECT COUNT(*) AS total FROM VistaEquipo WHERE IdEstadoAsignacion = 10",""
prompt_enriquecido,6,3,1,1,2412,"SELECT COUNT(*) AS total FROM VistaEquipo WHERE IdEstadoAsignacion = 10",""
prompt_enriquecido,7,1,1,1,2872,"SELECT COUNT(*) AS total FROM VistaEquipo WHERE IdEstadoAsignacion = 1",""
prompt_enriquecido,7,2,1,1,2913,"SELECT COUNT(*) AS total FROM VistaEquipo WHERE IdEstadoAsignacion = 1",""
prompt_enriquecido,7,3,1,1,2660,"SELECT COUNT(*) AS total FROM VistaEquipo WHERE IdEstadoAsignacion = 1",""
prompt_enriquecido,8,1,1,1,3174,"SELECT COUNT(*) AS total FROM VistaEquipo WHERE (NombreCategoria LIKE '%MONITOR%' OR Descripcion LIKE '%MONITOR%')",""
prompt_enriquecido,8,2,1,1,3285,"SELECT COUNT(*) AS total FROM VistaEquipo WHERE (NombreCategoria LIKE '%MONITOR%' OR Descripcion LIKE '%MONITOR%')",""
prompt_enriquecido,8,3,1,1,3642,"SELECT COUNT(*) AS total FROM VistaEquipo WHERE (NombreCategoria LIKE '%MONITOR%' OR Descripcion LIKE '%MONITOR%')",""
prompt_enriquecido,9,1,1,1,4975,"SELECT COUNT(*) AS total  FROM VistaEquipo  WHERE IdEstadoAsignacion = 2    AND (NombreCategoria LIKE '%MÓVIL%' OR Descripcion LIKE '%CELULAR%')",""
prompt_enriquecido,9,2,1,1,4828,"SELECT COUNT(*) AS total FROM VistaEquipo WHERE IdEstadoAsignacion = 2 AND (NombreCategoria LIKE '%MÓVIL%' OR Descripcion LIKE '%CELULAR%')",""
prompt_enriquecido,9,3,1,1,4444,"SELECT COUNT(*) AS total FROM VistaEquipo WHERE IdEstadoAsignacion = 2 AND (NombreCategoria LIKE '%MÓVIL%' OR Descripcion LIKE '%CELULAR%')",""
prompt_enriquecido,10,1,1,1,3991,"SELECT COUNT(*) AS total FROM VistaEquipo WHERE IdEstadoAsignacion = 1 AND (NombreCategoria LIKE '%MOUSE%' OR Descripcion LIKE '%MOUSE%')",""
prompt_enriquecido,10,2,1,1,4424,"SELECT COUNT(*) AS total FROM VistaEquipo WHERE IdEstadoAsignacion = 1 AND (NombreCategoria LIKE '%MOUSE%' OR Descripcion LIKE '%MOUSE%')",""
prompt_enriquecido,10,3,1,1,4234,"SELECT COUNT(*) AS total FROM VistaEquipo WHERE IdEstadoAsignacion = 1 AND (NombreCategoria LIKE '%MOUSE%' OR Descripcion LIKE '%MOUSE%')",""
prompt_enriquecido,11,1,1,1,2715,"SELECT COUNT(*) AS total FROM VistaEquipo WHERE NombreMarca = 'HP'",""
prompt_enriquecido,11,2,1,1,2002,"SELECT COUNT(*) AS total FROM VistaEquipo WHERE NombreMarca = 'HP'",""
prompt_enriquecido,11,3,1,1,2351,"SELECT COUNT(*) AS total FROM VistaEquipo WHERE NombreMarca = 'HP'",""
prompt_enriquecido,12,1,1,1,3001,"SELECT COUNT(*) AS total FROM VistaEquipo WHERE NombreMarca = 'MICROSOFT'",""
prompt_enriquecido,12,2,1,1,2661,"SELECT COUNT(*) AS total FROM VistaEquipo WHERE NombreMarca = 'MICROSOFT'",""
prompt_enriquecido,12,3,1,1,2778,"SELECT COUNT(*) AS total FROM VistaEquipo WHERE NombreMarca = 'MICROSOFT'",""
prompt_enriquecido,13,1,1,1,2023,"SELECT SUM(ValorCompra) AS valor_total FROM VistaEquipo",""
prompt_enriquecido,13,2,1,1,2158,"SELECT SUM(ValorCompra) AS valor_total FROM VistaEquipo",""
prompt_enriquecido,13,3,1,1,1744,"SELECT SUM(ValorCompra) AS valor_total FROM VistaEquipo",""
prompt_enriquecido,14,1,1,1,3659,"SELECT SUM(ValorCompra) AS valor_total FROM VistaEquipo WHERE (NombreCategoria LIKE '%LAPTOP%' OR Descripcion LIKE '%LAPTOP%')",""
prompt_enriquecido,14,2,1,1,3932,"SELECT SUM(ValorCompra) AS valor_total FROM VistaEquipo WHERE (NombreCategoria LIKE '%LAPTOP%' OR Descripcion LIKE '%LAPTOP%')",""
prompt_enriquecido,14,3,1,1,4332,"SELECT SUM(ValorCompra) AS valor_total FROM VistaEquipo WHERE (NombreCategoria LIKE '%LAPTOP%' OR Descripcion LIKE '%LAPTOP%')",""
prompt_enriquecido,15,1,1,0,4922,"SELECT IdEquipo, Serie, NombreMarca, NombreModelo, ValorCompra, FechaCompra  FROM VistaEquipo  ORDER BY ValorCompra DESC  LIMIT 1",""
prompt_enriquecido,15,2,1,0,4530,"SELECT IdEquipo, Serie, NombreMarca, NombreModelo, ValorCompra, FechaCompra FROM VistaEquipo ORDER BY ValorCompra DESC LIMIT 1",""
prompt_enriquecido,15,3,1,0,3712,"SELECT IdEquipo, Serie, NombreMarca, NombreModelo, ValorCompra AS valor_total FROM VistaEquipo ORDER BY ValorCompra DESC LIMIT 1",""
prompt_enriquecido,16,1,1,1,3833,"SELECT TOP 10 IdEquipo, Serie, NombreMarca, NombreModelo, ValorCompra FROM VistaEquipo ORDER BY ValorCompra DESC",""
prompt_enriquecido,16,2,1,1,3408,"SELECT TOP 10 IdEquipo, Serie, NombreMarca, NombreModelo, ValorCompra FROM VistaEquipo ORDER BY ValorCompra DESC",""
prompt_enriquecido,16,3,1,1,3411,"SELECT TOP 10 IdEquipo, Serie, NombreMarca, NombreModelo, ValorCompra FROM VistaEquipo ORDER BY ValorCompra DESC",""
prompt_enriquecido,17,1,1,1,2753,"SELECT COUNT(*) AS total FROM VistaEquipo WHERE NumeroFactura IS NULL",""
prompt_enriquecido,17,2,1,1,1857,"SELECT COUNT(*) AS total FROM VistaEquipo WHERE NumeroFactura IS NULL",""
prompt_enriquecido,17,3,1,1,2325,"SELECT COUNT(*) AS total FROM VistaEquipo WHERE NumeroFactura IS NULL",""
prompt_enriquecido,18,1,1,1,2935,"SELECT COUNT(*) AS total FROM VistaEquipo WHERE YEAR(FechaCompra) = 2025",""
prompt_enriquecido,18,2,1,1,2442,"SELECT COUNT(*) AS total FROM VistaEquipo WHERE YEAR(FechaCompra) = 2025",""
prompt_enriquecido,18,3,1,1,2543,"SELECT COUNT(*) AS total FROM VistaEquipo WHERE YEAR(FechaCompra) = 2025",""
prompt_enriquecido,19,1,1,1,3200,"SELECT COUNT(*) AS total FROM VistaEquipo WHERE YEAR(FechaCompra) = 2023",""
prompt_enriquecido,19,2,1,1,2613,"SELECT COUNT(*) AS total FROM VistaEquipo WHERE YEAR(FechaCompra) = 2023",""
prompt_enriquecido,19,3,1,1,2997,"SELECT COUNT(*) AS total FROM VistaEquipo WHERE YEAR(FechaCompra) = 2023",""
prompt_enriquecido,20,1,1,1,4136,"SELECT COUNT(*) AS total FROM VistaEquipo WHERE IdEstadoAsignacion = 5 AND (NombreCategoria LIKE '%LAPTOP%' OR Descripcion LIKE '%LAPTOP%')",""
prompt_enriquecido,20,2,1,1,4588,"SELECT COUNT(*) AS total FROM VistaEquipo WHERE IdEstadoAsignacion = 5 AND (NombreCategoria LIKE '%LAPTOP%' OR Descripcion LIKE '%LAPTOP%')",""
prompt_enriquecido,20,3,1,1,4865,"SELECT COUNT(*) AS total FROM VistaEquipo WHERE IdEstadoAsignacion = 5 AND (NombreCategoria LIKE '%LAPTOP%' OR Descripcion LIKE '%LAPTOP%')",""
prompt_enriquecido,21,1,1,1,5094,"SELECT COUNT(*) AS total FROM VistaEquipo WHERE IdEstadoAsignacion = 9 AND (NombreCategoria LIKE '%LAPTOP%' OR Descripcion LIKE '%LAPTOP%')",""
prompt_enriquecido,21,2,1,1,4447,"SELECT COUNT(*) AS total FROM VistaEquipo WHERE IdEstadoAsignacion = 9 AND (NombreCategoria LIKE '%LAPTOP%' OR Descripcion LIKE '%LAPTOP%')",""
prompt_enriquecido,21,3,1,1,4860,"SELECT COUNT(*) AS total FROM VistaEquipo WHERE IdEstadoAsignacion = 9 AND (NombreCategoria LIKE '%LAPTOP%' OR Descripcion LIKE '%LAPTOP%')",""
prompt_enriquecido,22,1,1,1,5134,"SELECT COUNT(*) AS total FROM VistaEquipo WHERE IdEstadoAsignacion = 1 AND (NombreCategoria LIKE '%LAPTOP%' OR Descripcion LIKE '%LAPTOP%')",""
prompt_enriquecido,22,2,1,1,5015,"SELECT COUNT(*) AS total FROM VistaEquipo WHERE IdEstadoAsignacion = 1 AND (NombreCategoria LIKE '%LAPTOP%' OR Descripcion LIKE '%LAPTOP%')",""
prompt_enriquecido,22,3,1,1,4709,"SELECT COUNT(*) AS total FROM VistaEquipo WHERE IdEstadoAsignacion = 1 AND (NombreCategoria LIKE '%LAPTOP%' OR Descripcion LIKE '%LAPTOP%')",""
prompt_enriquecido,23,1,1,1,4371,"SELECT COUNT(*) AS total FROM VistaEquipo WHERE IdEstadoAsignacion = 2 AND (NombreCategoria LIKE '%MONITOR%' OR Descripcion LIKE '%MONITOR%')",""
prompt_enriquecido,23,2,1,1,4800,"SELECT COUNT(*) AS total FROM VistaEquipo WHERE IdEstadoAsignacion = 2 AND (NombreCategoria LIKE '%MONITOR%' OR Descripcion LIKE '%MONITOR%')",""
prompt_enriquecido,23,3,1,1,4917,"SELECT COUNT(*) AS total FROM VistaEquipo WHERE IdEstadoAsignacion = 2 AND (NombreCategoria LIKE '%MONITOR%' OR Descripcion LIKE '%MONITOR%')",""
prompt_enriquecido,24,1,1,1,7387,"SELECT IdEquipo, Serie, NombreMarca, NombreModelo, usuario_custodio_activo FROM VistaEquipo WHERE IdEstadoAsignacion = 2 AND usuario_custodio_activo = 'eliza.suasti@synergy-apx.com'",""
prompt_enriquecido,24,2,1,1,7056,"SELECT IdEquipo, Serie, NombreMarca, NombreModelo, usuario_custodio_activo  FROM VistaEquipo  WHERE IdEstadoAsignacion = 2 AND usuario_custodio_activo = 'eliza.suasti@synergy-apx.com'",""
prompt_enriquecido,24,3,1,1,6241,"SELECT IdEquipo, Serie, NombreMarca, NombreModelo, usuario_custodio_activo FROM VistaEquipo WHERE IdEstadoAsignacion = 2 AND usuario_custodio_activo = 'eliza.suasti@synergy-apx.com'",""
prompt_enriquecido,25,1,1,1,5611,"SELECT COUNT(*) AS total FROM VistaEquipo WHERE usuario_custodio_activo = 'jessica.guaman@synergy-apx.com' AND IdEstadoAsignacion = 2",""
prompt_enriquecido,25,2,1,1,5512,"SELECT COUNT(*) AS total FROM VistaEquipo WHERE usuario_custodio_activo = 'jessica.guaman@synergy-apx.com' AND IdEstadoAsignacion = 2",""
prompt_enriquecido,25,3,1,1,5251,"SELECT COUNT(*) AS total FROM VistaEquipo WHERE usuario_custodio_activo = 'jessica.guaman@synergy-apx.com' AND IdEstadoAsignacion = 2",""
prompt_enriquecido,26,1,1,1,2155,"SELECT NombreCategoria, COUNT(*) AS total FROM VistaEquipo GROUP BY NombreCategoria",""
prompt_enriquecido,26,2,1,1,2539,"SELECT NombreCategoria, COUNT(*) AS total FROM VistaEquipo GROUP BY NombreCategoria",""
prompt_enriquecido,26,3,1,1,2747,"SELECT NombreCategoria, COUNT(*) AS total FROM VistaEquipo GROUP BY NombreCategoria",""
prompt_enriquecido,27,1,1,1,3811,"SELECT IdEstadoAsignacion, COUNT(*) AS total  FROM VistaEquipo  GROUP BY IdEstadoAsignacion",""
prompt_enriquecido,27,2,1,1,3618,"SELECT IdEstadoAsignacion, COUNT(*) AS total  FROM VistaEquipo  GROUP BY IdEstadoAsignacion",""
prompt_enriquecido,27,3,1,1,3902,"SELECT IdEstadoAsignacion, COUNT(*) AS total  FROM VistaEquipo  GROUP BY IdEstadoAsignacion",""
prompt_enriquecido,28,1,1,0,3710,"SELECT NombreMarca, COUNT(*) AS total FROM VistaEquipo GROUP BY NombreMarca ORDER BY total DESC LIMIT 1",""
prompt_enriquecido,28,2,1,0,4395,"SELECT NombreMarca, COUNT(*) AS total_equipos FROM VistaEquipo GROUP BY NombreMarca ORDER BY total_equipos DESC",""
prompt_enriquecido,28,3,1,0,4599,"SELECT NombreMarca, COUNT(*) AS total_equipos  FROM VistaEquipo  GROUP BY NombreMarca  ORDER BY total_equipos DESC  LIMIT 1",""
prompt_enriquecido,29,1,1,1,3260,"SELECT COUNT(*) AS total FROM VistaEquipo WHERE (NombreCategoria LIKE '%TECLADO%' OR Descripcion LIKE '%TECLADO%')",""
prompt_enriquecido,29,2,1,1,3337,"SELECT COUNT(*) AS total FROM VistaEquipo WHERE (NombreCategoria LIKE '%TECLADO%' OR Descripcion LIKE '%TECLADO%')",""
prompt_enriquecido,29,3,1,1,4007,"SELECT COUNT(*) AS total FROM VistaEquipo WHERE (NombreCategoria LIKE '%TECLADO%' OR Descripcion LIKE '%TECLADO%')",""
prompt_enriquecido,30,1,1,1,4797,"SELECT COUNT(*) AS total FROM VistaEquipo WHERE IdEstadoAsignacion = 2 AND YEAR(FechaAsignacion) = 2026",""
prompt_enriquecido,30,2,1,1,3887,"SELECT COUNT(*) AS total FROM VistaEquipo WHERE IdEstadoAsignacion = 2 AND YEAR(FechaAsignacion) = 2026",""
prompt_enriquecido,30,3,1,1,4678,"SELECT COUNT(*) AS total FROM VistaEquipo WHERE IdEstadoAsignacion = 2 AND YEAR(FechaAsignacion) = 2026",""
ajustado,1,1,1,1,4369,"SELECT COUNT(*) AS total FROM VistaEquipo WHERE IdEstadoAsignacion = 2 AND (NombreCategoria LIKE '%LAPTOP%' OR Descripcion LIKE '%LAPTOP%')",""
ajustado,1,2,1,1,4637,"SELECT COUNT(*) AS total FROM VistaEquipo WHERE IdEstadoAsignacion = 2 AND (NombreCategoria LIKE '%LAPTOP%' OR Descripcion LIKE '%LAPTOP%')",""
ajustado,1,3,1,1,4923,"SELECT COUNT(*) AS total FROM VistaEquipo WHERE IdEstadoAsignacion = 2 AND (NombreCategoria LIKE '%LAPTOP%' OR Descripcion LIKE '%LAPTOP%')",""
ajustado,2,1,1,1,2539,"SELECT COUNT(*) AS total FROM VistaEquipo WHERE IdEstadoAsignacion = 5",""
ajustado,2,2,1,1,2177,"SELECT COUNT(*) AS total FROM VistaEquipo WHERE IdEstadoAsignacion = 5",""
ajustado,2,3,1,1,2165,"SELECT COUNT(*) AS total FROM VistaEquipo WHERE IdEstadoAsignacion = 5",""
ajustado,3,1,1,1,2473,"SELECT COUNT(*) AS total FROM VistaEquipo WHERE IdEstadoAsignacion = 8",""
ajustado,3,2,1,1,2672,"SELECT COUNT(*) AS total FROM VistaEquipo WHERE IdEstadoAsignacion = 8",""
ajustado,3,3,1,1,2239,"SELECT COUNT(*) AS total FROM VistaEquipo WHERE IdEstadoAsignacion = 8",""
ajustado,4,1,1,1,2268,"SELECT COUNT(*) AS total FROM VistaEquipo WHERE IdEstadoAsignacion = 9",""
ajustado,4,2,1,1,2188,"SELECT COUNT(*) AS total FROM VistaEquipo WHERE IdEstadoAsignacion = 9",""
ajustado,4,3,1,1,2136,"SELECT COUNT(*) AS total FROM VistaEquipo WHERE IdEstadoAsignacion = 9",""
ajustado,5,1,1,1,2376,"SELECT COUNT(*) AS total FROM VistaEquipo WHERE IdEstadoAsignacion = 11",""
ajustado,5,2,1,1,2897,"SELECT COUNT(*) AS total FROM VistaEquipo WHERE IdEstadoAsignacion = 11",""
ajustado,5,3,1,1,2235,"SELECT COUNT(*) AS total FROM VistaEquipo WHERE IdEstadoAsignacion = 11",""
ajustado,6,1,1,1,2720,"SELECT COUNT(*) AS total FROM VistaEquipo WHERE IdEstadoAsignacion = 10",""
ajustado,6,2,1,1,2357,"SELECT COUNT(*) AS total FROM VistaEquipo WHERE IdEstadoAsignacion = 10",""
ajustado,6,3,1,1,2918,"SELECT COUNT(*) AS total FROM VistaEquipo WHERE IdEstadoAsignacion = 10",""
ajustado,7,1,1,1,2328,"SELECT COUNT(*) AS total FROM VistaEquipo WHERE IdEstadoAsignacion = 1",""
ajustado,7,2,1,1,2218,"SELECT COUNT(*) AS total FROM VistaEquipo WHERE IdEstadoAsignacion = 1",""
ajustado,7,3,1,1,2110,"SELECT COUNT(*) AS total FROM VistaEquipo WHERE IdEstadoAsignacion = 1",""
ajustado,8,1,1,1,3226,"SELECT COUNT(*) AS total FROM VistaEquipo WHERE (NombreCategoria LIKE '%MONITOR%' OR Descripcion LIKE '%MONITOR%')",""
ajustado,8,2,1,1,3215,"SELECT COUNT(*) AS total FROM VistaEquipo WHERE (NombreCategoria LIKE '%MONITOR%' OR Descripcion LIKE '%MONITOR%')",""
ajustado,8,3,1,1,3575,"SELECT COUNT(*) AS total FROM VistaEquipo WHERE (NombreCategoria LIKE '%MONITOR%' OR Descripcion LIKE '%MONITOR%')",""
ajustado,9,1,1,1,4208,"SELECT COUNT(*) AS total FROM VistaEquipo WHERE IdEstadoAsignacion = 2 AND (NombreCategoria LIKE '%MÓVIL%' OR Descripcion LIKE '%CELULAR%')",""
ajustado,9,2,1,1,4588,"SELECT COUNT(*) AS total FROM VistaEquipo WHERE IdEstadoAsignacion = 2 AND (NombreCategoria LIKE '%MÓVIL%' OR Descripcion LIKE '%CELULAR%')",""
ajustado,9,3,1,1,4445,"SELECT COUNT(*) AS total FROM VistaEquipo WHERE IdEstadoAsignacion = 2 AND (NombreCategoria LIKE '%MÓVIL%' OR Descripcion LIKE '%CELULAR%')",""
ajustado,10,1,1,1,3947,"SELECT COUNT(*) AS total FROM VistaEquipo WHERE IdEstadoAsignacion = 1 AND (NombreCategoria LIKE '%MOUSE%' OR Descripcion LIKE '%MOUSE%')",""
ajustado,10,2,1,1,4269,"SELECT COUNT(*) AS total FROM VistaEquipo WHERE IdEstadoAsignacion = 1 AND (NombreCategoria LIKE '%MOUSE%' OR Descripcion LIKE '%MOUSE%')",""
ajustado,10,3,1,1,5030,"SELECT COUNT(*) AS total FROM VistaEquipo WHERE IdEstadoAsignacion = 1 AND (NombreCategoria LIKE '%MOUSE%' OR Descripcion LIKE '%MOUSE%')",""
ajustado,11,1,1,1,2961,"SELECT COUNT(*) AS total FROM VistaEquipo WHERE NombreMarca = 'HP'",""
ajustado,11,2,1,1,2392,"SELECT COUNT(*) AS total FROM VistaEquipo WHERE NombreMarca = 'HP'",""
ajustado,11,3,1,1,2084,"SELECT COUNT(*) AS total FROM VistaEquipo WHERE NombreMarca = 'HP'",""
ajustado,12,1,1,1,2916,"SELECT COUNT(*) AS total FROM VistaEquipo WHERE NombreMarca = 'MICROSOFT'",""
ajustado,12,2,1,1,2788,"SELECT COUNT(*) AS total FROM VistaEquipo WHERE NombreMarca = 'MICROSOFT'",""
ajustado,12,3,1,1,2680,"SELECT COUNT(*) AS total FROM VistaEquipo WHERE NombreMarca = 'MICROSOFT'",""
ajustado,13,1,1,1,2068,"SELECT SUM(ValorCompra) AS valor_total FROM VistaEquipo",""
ajustado,13,2,1,1,1613,"SELECT SUM(ValorCompra) AS valor_total FROM VistaEquipo",""
ajustado,13,3,1,1,1675,"SELECT SUM(ValorCompra) AS valor_total FROM VistaEquipo",""
ajustado,14,1,1,1,5275,"SELECT SUM(ValorCompra) AS valor_total FROM VistaEquipo WHERE (NombreCategoria LIKE '%LAPTOP%' OR Descripcion LIKE '%LAPTOP%')",""
ajustado,14,2,1,1,4801,"SELECT SUM(ValorCompra) AS valor_total FROM VistaEquipo WHERE (NombreCategoria LIKE '%LAPTOP%' OR Descripcion LIKE '%LAPTOP%')",""
ajustado,14,3,1,1,4983,"SELECT SUM(ValorCompra) AS valor_total FROM VistaEquipo WHERE (NombreCategoria LIKE '%LAPTOP%' OR Descripcion LIKE '%LAPTOP%')",""
ajustado,15,1,1,1,5578,"SELECT IdEquipo, Serie, NombreMarca, NombreModelo, ValorCompra AS valor_caro FROM VistaEquipo WHERE ValorCompra = (SELECT MAX(ValorCompra) FROM VistaEquipo)",""
ajustado,15,2,1,1,4833,"SELECT IdEquipo, Serie, NombreMarca, NombreModelo, ValorCompra AS valor_caro FROM VistaEquipo WHERE ValorCompra = (SELECT MAX(ValorCompra) FROM VistaEquipo)",""
ajustado,15,3,1,1,4751,"SELECT IdEquipo, Serie, NombreMarca, NombreModelo, ValorCompra AS valor_caro FROM VistaEquipo WHERE ValorCompra = (SELECT MAX(ValorCompra) FROM VistaEquipo)",""
ajustado,16,1,1,1,4067,"SELECT TOP 10 IdEquipo, Serie, NombreMarca, NombreModelo, ValorCompra FROM VistaEquipo ORDER BY ValorCompra DESC",""
ajustado,16,2,1,1,3662,"SELECT TOP 10 IdEquipo, Serie, NombreMarca, NombreModelo, ValorCompra FROM VistaEquipo ORDER BY ValorCompra DESC",""
ajustado,16,3,1,1,3917,"SELECT TOP 10 IdEquipo, Serie, NombreMarca, NombreModelo, ValorCompra FROM VistaEquipo ORDER BY ValorCompra DESC",""
ajustado,17,1,1,1,2800,"SELECT COUNT(*) AS total FROM VistaEquipo WHERE NumeroFactura IS NULL",""
ajustado,17,2,1,1,1928,"SELECT COUNT(*) AS total FROM VistaEquipo WHERE NumeroFactura IS NULL",""
ajustado,17,3,1,1,2490,"SELECT COUNT(*) AS total FROM VistaEquipo WHERE NumeroFactura IS NULL",""
ajustado,18,1,1,1,3670,"SELECT COUNT(*) AS total FROM VistaEquipo WHERE YEAR(FechaCompra) = 2025",""
ajustado,18,2,1,1,3167,"SELECT COUNT(*) AS total FROM VistaEquipo WHERE YEAR(FechaCompra) = 2025",""
ajustado,18,3,1,1,2550,"SELECT COUNT(*) AS total FROM VistaEquipo WHERE YEAR(FechaCompra) = 2025",""
ajustado,19,1,1,1,2722,"SELECT COUNT(*) AS total FROM VistaEquipo WHERE YEAR(FechaCompra) = 2023",""
ajustado,19,2,1,1,2523,"SELECT COUNT(*) AS total FROM VistaEquipo WHERE YEAR(FechaCompra) = 2023",""
ajustado,19,3,1,1,3062,"SELECT COUNT(*) AS total FROM VistaEquipo WHERE YEAR(FechaCompra) = 2023",""
ajustado,20,1,1,1,4235,"SELECT COUNT(*) AS total FROM VistaEquipo WHERE IdEstadoAsignacion = 5 AND (NombreCategoria LIKE '%LAPTOP%' OR Descripcion LIKE '%LAPTOP%')",""
ajustado,20,2,1,1,4575,"SELECT COUNT(*) AS total FROM VistaEquipo WHERE IdEstadoAsignacion = 5 AND (NombreCategoria LIKE '%LAPTOP%' OR Descripcion LIKE '%LAPTOP%')",""
ajustado,20,3,1,1,4871,"SELECT COUNT(*) AS total FROM VistaEquipo WHERE IdEstadoAsignacion = 5 AND (NombreCategoria LIKE '%LAPTOP%' OR Descripcion LIKE '%LAPTOP%')",""
ajustado,21,1,1,1,5110,"SELECT COUNT(*) AS total FROM VistaEquipo WHERE IdEstadoAsignacion = 9 AND (NombreCategoria LIKE '%LAPTOP%' OR Descripcion LIKE '%LAPTOP%')",""
ajustado,21,2,1,1,4933,"SELECT COUNT(*) AS total FROM VistaEquipo WHERE IdEstadoAsignacion = 9 AND (NombreCategoria LIKE '%LAPTOP%' OR Descripcion LIKE '%LAPTOP%')",""
ajustado,21,3,1,1,4892,"SELECT COUNT(*) AS total FROM VistaEquipo WHERE IdEstadoAsignacion = 9 AND (NombreCategoria LIKE '%LAPTOP%' OR Descripcion LIKE '%LAPTOP%')",""
ajustado,22,1,1,1,5295,"SELECT COUNT(*) AS total FROM VistaEquipo WHERE IdEstadoAsignacion = 1 AND (NombreCategoria LIKE '%LAPTOP%' OR Descripcion LIKE '%LAPTOP%')",""
ajustado,22,2,1,1,5003,"SELECT COUNT(*) AS total FROM VistaEquipo WHERE IdEstadoAsignacion = 1 AND (NombreCategoria LIKE '%LAPTOP%' OR Descripcion LIKE '%LAPTOP%')",""
ajustado,22,3,1,1,4465,"SELECT COUNT(*) AS total FROM VistaEquipo WHERE IdEstadoAsignacion = 1 AND (NombreCategoria LIKE '%LAPTOP%' OR Descripcion LIKE '%LAPTOP%')",""
ajustado,23,1,1,1,3991,"SELECT COUNT(*) AS total FROM VistaEquipo WHERE IdEstadoAsignacion = 2 AND (NombreCategoria LIKE '%MONITOR%' OR Descripcion LIKE '%MONITOR%')",""
ajustado,23,2,1,1,4554,"SELECT COUNT(*) AS total FROM VistaEquipo WHERE IdEstadoAsignacion = 2 AND (NombreCategoria LIKE '%MONITOR%' OR Descripcion LIKE '%MONITOR%')",""
ajustado,23,3,1,1,4851,"SELECT COUNT(*) AS total FROM VistaEquipo WHERE IdEstadoAsignacion = 2 AND (NombreCategoria LIKE '%MONITOR%' OR Descripcion LIKE '%MONITOR%')",""
ajustado,24,1,1,1,8015,"SELECT IdEquipo, Serie, NombreMarca, NombreModelo, usuario_custodio_activo, FechaAsignacion  FROM VistaEquipo  WHERE IdEstadoAsignacion = 2 AND usuario_custodio_activo = 'eliza.suasti@synergy-apx.com'",""
ajustado,24,2,1,1,6857,"SELECT IdEquipo, Serie, NombreMarca, NombreModelo, usuario_custodio_activo  FROM VistaEquipo  WHERE IdEstadoAsignacion = 2 AND usuario_custodio_activo = 'eliza.suasti@synergy-apx.com'",""
ajustado,24,3,1,1,6871,"SELECT IdEquipo, Serie, NombreMarca, NombreModelo, usuario_custodio_activo  FROM VistaEquipo  WHERE IdEstadoAsignacion = 2 AND usuario_custodio_activo = 'eliza.suasti@synergy-apx.com'",""
ajustado,25,1,1,1,5628,"SELECT COUNT(*) AS total FROM VistaEquipo WHERE usuario_custodio_activo = 'jessica.guaman@synergy-apx.com' AND IdEstadoAsignacion = 2",""
ajustado,25,2,1,1,5511,"SELECT COUNT(*) AS total FROM VistaEquipo WHERE usuario_custodio_activo = 'jessica.guaman@synergy-apx.com' AND IdEstadoAsignacion = 2",""
ajustado,25,3,1,1,5866,"SELECT COUNT(*) AS total FROM VistaEquipo WHERE usuario_custodio_activo = 'jessica.guaman@synergy-apx.com' AND IdEstadoAsignacion = 2",""
ajustado,26,1,1,1,3297,"SELECT NombreCategoria, COUNT(*) AS total FROM VistaEquipo GROUP BY NombreCategoria",""
ajustado,26,2,1,1,2634,"SELECT NombreCategoria, COUNT(*) AS total FROM VistaEquipo GROUP BY NombreCategoria",""
ajustado,26,3,1,1,2600,"SELECT NombreCategoria, COUNT(*) AS total FROM VistaEquipo GROUP BY NombreCategoria",""
ajustado,27,1,1,1,3615,"SELECT IdEstadoAsignacion, COUNT(*) AS total FROM VistaEquipo GROUP BY IdEstadoAsignacion",""
ajustado,27,2,1,1,3486,"SELECT IdEstadoAsignacion, COUNT(*) AS total  FROM VistaEquipo  GROUP BY IdEstadoAsignacion",""
ajustado,27,3,1,1,3443,"SELECT IdEstadoAsignacion, COUNT(*) AS total  FROM VistaEquipo  GROUP BY IdEstadoAsignacion",""
ajustado,28,1,1,0,2947,"SELECT NombreMarca, COUNT(*) AS total FROM VistaEquipo GROUP BY NombreMarca ORDER BY total DESC LIMIT 1",""
ajustado,28,2,1,0,2767,"SELECT NombreMarca, COUNT(*) AS total FROM VistaEquipo GROUP BY NombreMarca ORDER BY total DESC LIMIT 1",""
ajustado,28,3,1,0,3461,"SELECT NombreMarca, COUNT(*) AS total_equipos FROM VistaEquipo GROUP BY NombreMarca ORDER BY total_equipos DESC LIMIT 1",""
ajustado,29,1,1,1,3217,"SELECT COUNT(*) AS total FROM VistaEquipo WHERE (NombreCategoria LIKE '%TECLADO%' OR Descripcion LIKE '%TECLADO%')",""
ajustado,29,2,1,1,3062,"SELECT COUNT(*) AS total FROM VistaEquipo WHERE (NombreCategoria LIKE '%TECLADO%' OR Descripcion LIKE '%TECLADO%')",""
ajustado,29,3,1,1,3797,"SELECT COUNT(*) AS total FROM VistaEquipo WHERE (NombreCategoria LIKE '%TECLADO%' OR Descripcion LIKE '%TECLADO%')",""
ajustado,30,1,1,1,3896,"SELECT COUNT(*) AS total FROM VistaEquipo WHERE IdEstadoAsignacion = 2 AND YEAR(FechaAsignacion) = 2026",""
ajustado,30,2,1,1,3840,"SELECT COUNT(*) AS total FROM VistaEquipo WHERE IdEstadoAsignacion = 2 AND YEAR(FechaAsignacion) = 2026",""
ajustado,30,3,1,1,3780,"SELECT COUNT(*) AS total FROM VistaEquipo WHERE IdEstadoAsignacion = 2 AND YEAR(FechaAsignacion) = 2026",""
